{
    "uuid": "8c4a98ec-902d-41e8-a170-667ee2f14794",
    "model": "d=1024_l=24_h=8",
    "creation_date": "2025_08_18-06_30_35",
    "name": "/mnt/one/home/jmelko/dclm_exp/eval/mmlu_and_lowvar",
    "eval_metrics": {
        "perplexity": 2.8446452299753826,
        "downstream_perpexity": {
            "mmlu": 1.6559293552216532,
            "hellaswag": 2.7161854256483884,
            "jeopardy_all": 2.76719376755932,
            "bigbench_qa_wikidata": 5.118166374107801,
            "arc_easy": 2.80373363312246,
            "arc_challenge": 2.8981734740551013,
            "copa": 2.8642014193534853,
            "commonsense_qa": 1.600895988560426,
            "piqa": 2.9454595608083416,
            "openbook_qa": 4.5174968109130855,
            "lambada_openai": 1.9128268225078395,
            "winograd_wsc": 2.796030064642211,
            "winogrande": 3.2903119830889502,
            "bigbench_dyck_languages": 4.8931271634101865,
            "agi_eval_lsat_ar": 1.6999262478040613,
            "bigbench_cs_algorithms": 5.296373893997886,
            "bigbench_operators": 5.70667546363104,
            "bigbench_repeat_copy_logic": 1.796993613243103,
            "squad": 3.7376508453372748,
            "coqa": 4.451886592316893,
            "boolq": 3.009004522828152,
            "bigbench_language_identification": 8.868335754686795
        },
        "icl": {
            "mmlu_fewshot": 0.2549268835992144,
            "hellaswag_zeroshot": 0.3717387020587921,
            "jeopardy": 0.032499820552766324,
            "bigbench_qa_wikidata": 0.4075094759464264,
            "arc_easy": 0.5281986594200134,
            "arc_challenge": 0.2755972743034363,
            "copa": 0.6200000047683716,
            "commonsense_qa": 0.2588042616844177,
            "piqa": 0.6708378791809082,
            "openbook_qa": 0.3319999873638153,
            "lambada_openai": 0.4411022663116455,
            "hellaswag": 0.3746265769004822,
            "winograd": 0.6556776762008667,
            "winogrande": 0.5098658204078674,
            "bigbench_dyck_languages": 0.19200000166893005,
            "agi_eval_lsat_ar": 0.22173912823200226,
            "bigbench_cs_algorithms": 0.44924241304397583,
            "bigbench_operators": 0.1190476194024086,
            "bigbench_repeat_copy_logic": 0.0,
            "squad": 0.12052980065345764,
            "coqa": 0.15595640242099762,
            "boolq": 0.5174311995506287,
            "bigbench_language_identification": 0.24969999492168427
        }
    },
    "missing tasks": "['mmlu_zeroshot', 'triviaqa_sm_sub', 'gsm8k_cot', 'agi_eval_sat_math_cot', 'aqua_cot', 'svamp_cot', 'bigbench_misconceptions', 'siqa', 'bigbench_novel_concepts', 'bigbench_strange_stories', 'bigbench_strategy_qa', 'bigbench_conlang_translation', 'bigbench_conceptual_combinations', 'bigbench_elementary_math_qa', 'bigbench_logical_deduction', 'simple_arithmetic_nospaces', 'simple_arithmetic_withspaces', 'math_qa', 'logi_qa', 'pubmed_qa_labeled', 'agi_eval_lsat_rc', 'agi_eval_lsat_lr', 'bigbench_understanding_fables', 'agi_eval_sat_en', 'winogender_mc_female', 'winogender_mc_male', 'enterprise_pii_classification', 'bbq', 'gpqa_main', 'gpqa_diamond']",
    "aggregated_task_categories_centered": {
        "commonsense reasoning": 0.1911286028722922,
        "language understanding": 0.21254395855010802,
        "reading comprehension": 0.0021894357183523394,
        "safety": NaN,
        "symbolic problem solving": 0.15749278888106347,
        "world knowledge": 0.17032794391921563
    },
    "aggregated_centered_results": 0.16023696234548998,
    "aggregated_results": 0.337349210808396,
    "rw_small": 0.47047194341818493,
    "rw_small_centered": 0.09286554480156706,
    "95%_CI_above": 0.3454478557177243,
    "95%_CI_above_centered": 0.1668711191740388,
    "99%_CI_above": 0.3454478557177243,
    "99%_CI_above_centered": 0.1668711191740388,
    "low_variance_datasets": 0.3410956802269952,
    "low_variance_datasets_centered": 0.16722186162790834,
    "Core": 0.16722186162790834,
    "Extended": "N/A due to missing tasks: ['mmlu_zeroshot', 'triviaqa_sm_sub', 'gsm8k_cot', 'agi_eval_sat_math_cot', 'aqua_cot', 'svamp_cot', 'bigbench_misconceptions', 'siqa', 'bigbench_novel_concepts', 'bigbench_strange_stories', 'bigbench_strategy_qa', 'bigbench_conlang_translation', 'bigbench_conceptual_combinations', 'bigbench_elementary_math_qa', 'bigbench_logical_deduction', 'simple_arithmetic_nospaces', 'simple_arithmetic_withspaces', 'math_qa', 'logi_qa', 'pubmed_qa_labeled', 'agi_eval_lsat_rc', 'agi_eval_lsat_lr', 'bigbench_understanding_fables', 'agi_eval_sat_en', 'winogender_mc_female', 'winogender_mc_male', 'enterprise_pii_classification', 'bbq', 'gpqa_main', 'gpqa_diamond']",
    "model_uuid": "f326b66d-6ff6-4b2b-bd3f-89535391e60c"
}